T, P, Rho, Mu, Cp, K, h, s
400.0, 4.5, 939.6533385236006, 0.00021973639421651362, 4247.52081751693, 0.6854876047096401, 9653772.538375776, 28773.842911432093
400.0, 4.578947368421052, 939.6932999349898, 0.0002197569724530903, 4247.315745920504, 0.6855363767473078, 9654750.965001164, 28772.505064210447
400.0, 4.657894736842105, 939.7332507255938, 0.0002197775481114732, 4247.110790504576, 0.6855851422194451, 9655729.472025389, 28771.167578875866
400.0, 4.7368421052631575, 939.7731909032327, 0.00021979812119469444, 4246.905951146099, 0.6856339011299133, 9656708.059356326, 28769.83045514161
400.0, 4.815789473684211, 939.8131204757125, 0.0002198186917057782, 4246.701227722262, 0.6856826534825738, 9657686.726902017, 28768.49369272139
400.0, 4.894736842105263, 939.8530394508257, 0.00021983925964774676, 4246.496620110464, 0.6857313992812715, 9658665.474570619, 28767.157291329277
400.0, 4.973684210526316, 939.8929478363531, 0.000219859825023614, 4246.29212818832, 0.6857801385298509, 9659644.302270439, 28765.821250679728
400.0, 5.052631578947368, 939.9328456400608, 0.00021988038783638927, 4246.087751833658, 0.6858288712321431, 9660623.209909907, 28764.48557048759
400.0, 5.131578947368421, 939.9727328697032, 0.00021990094808907435, 4245.883490924528, 0.685877597391971, 9661602.197397605, 28763.15025046808
400.0, 5.2105263157894735, 940.012609533021, 0.00021992150578466866, 4245.679345339187, 0.6859263170131473, 9662581.264642254, 28761.815290336854
400.0, 5.2894736842105265, 940.0524756377425, 0.0002199420609261638, 4245.475314956117, 0.6859750300994768, 9663560.411552696, 28760.48068980991
400.0, 5.368421052631579, 940.0923311915824, 0.0002199626135165459, 4245.271399653999, 0.6860237366547568, 9664539.638037918, 28759.146448603617
400.0, 5.447368421052632, 940.1321762022421, 0.00021998316355879572, 4245.067599311736, 0.6860724366827646, 9665518.944007052, 28757.812566434794
400.0, 5.526315789473684, 940.1720106774117, 0.00022000371105588873, 4244.86391380845, 0.6861211301872934, 9666498.329369359, 28756.479043020583
400.0, 5.605263157894736, 940.211834624767, 0.0002200242560107942, 4244.66034302346, 0.6861698171721065, 9667477.794034231, 28755.14587807853
400.0, 5.684210526315789, 940.2516480519714, 0.00022004479842647592, 4244.456886836311, 0.6862184976409611, 9668457.33791119, 28753.813071326553
400.0, 5.7631578947368425, 940.2914509666763, 0.00022006533830589412, 4244.25354512675, 0.6862671715976101, 9669436.960909922, 28752.480622482977
400.0, 5.842105263157895, 940.3312433765177, 0.0002200858756519995, 4244.050317774741, 0.6863158390457964, 9670416.662940219, 28751.148531266484
400.0, 5.921052631578947, 940.3710252891221, 0.00022010641046774, 4243.847204660454, 0.6863644999892559, 9671396.443912016, 28749.816797396154
400.0, 6.0, 940.4107967121017, 0.0002201269427560587, 4243.644205664266, 0.6864131544317141, 9672376.303735387, 28748.485420591416
410.5263157894737, 4.5, 930.6731027808707, 0.0002017547842270454, 4268.295727764915, 0.685427637871618, 10461171.034868352, 30766.21589982361
410.5263157894737, 4.578947368421052, 930.7148097001541, 0.00020177508448945153, 4268.073799499846, 0.6854783683671037, 10462109.034611395, 30764.778309410412
410.5263157894737, 4.657894736842105, 930.7565045624874, 0.00020179538181770975, 4267.8520079474, 0.6855290916471781, 10463047.13864208, 30763.341139813227
410.5263157894737, 4.7368421052631575, 930.7981873777543, 0.0002018156762153518, 4267.630352948114, 0.6855798077168471, 10463985.346841691, 30761.90439067973
410.5263157894737, 4.815789473684211, 930.8398581558182, 0.0002018359676859008, 4267.408834342825, 0.6856305165810913, 10464923.659091687, 30760.468061658074
410.5263157894737, 4.894736842105263, 930.8815169065277, 0.00020185625623287426, 4267.187451972669, 0.685681218244893, 10465862.075273726, 30759.032152396987
410.5263157894737, 4.973684210526316, 930.9231636397128, 0.00020187654185978233, 4266.966205679076, 0.6857319127132223, 10466800.595269658, 30757.59666254565
410.5263157894737, 5.052631578947368, 930.9647983651881, 0.00020189682457012975, 4266.745095303776, 0.6857825999910261, 10467739.218961498, 30756.161591753767
410.5263157894737, 5.131578947368421, 931.0064210927485, 0.00020191710436741263, 4266.524120688793, 0.6858332800832538, 10468677.946231466, 30754.726939671564
410.5263157894737, 5.2105263157894735, 931.048031832173, 0.000201937381255122, 4266.303281676445, 0.6858839529948328, 10469616.776961962, 30753.29270594977
410.5263157894737, 5.2894736842105265, 931.0896305932238, 0.00020195765523673963, 4266.082578109345, 0.6859346187306916, 10470555.711035555, 30751.858890239568
410.5263157894737, 5.368421052631579, 931.1312173856448, 0.0002019779263157434, 4265.862009830406, 0.685985277295732, 10471494.748335022, 30750.425492192706
410.5263157894737, 5.447368421052632, 931.1727922191643, 0.00020199819449560286, 4265.641576682827, 0.6860359286948561, 10472433.888743317, 30748.992511461416
410.5263157894737, 5.526315789473684, 931.2143551034928, 0.00020201845977978167, 4265.421278510099, 0.6860865729329417, 10473373.132143559, 30747.559947698406
410.5263157894737, 5.605263157894736, 931.2559060483227, 0.0002020387221717356, 4265.20111515601, 0.6861372100148756, 10474312.47841908, 30746.127800556922
410.5263157894737, 5.684210526315789, 931.2974450633318, 0.00020205898167491472, 4264.981086464635, 0.6861878399455184, 10475251.92745337, 30744.69606969068
410.5263157894737, 5.7631578947368425, 931.3389721581792, 0.00020207923829276237, 4264.761192280344, 0.6862384627297152, 10476191.479130123, 30743.264754753913
410.5263157894737, 5.842105263157895, 931.3804873425078, 0.00020209949202871526, 4264.5414324477915, 0.6862890783723133, 10477131.133333182, 30741.833855401306
410.5263157894737, 5.921052631578947, 931.4219906259431, 0.00020211974288620235, 4264.321806811922, 0.6863396868781466, 10478070.889946613, 30740.403371288106
410.5263157894737, 6.0, 931.4634820180946, 0.00020213999086864744, 4264.102315217973, 0.6863902882520273, 10479010.748854643, 30738.973302070033
421.0526315789474, 4.5, 921.217521206325, 0.00018642111387247358, 4292.233090235083, 0.6841411513382348, 11272802.6464656, 32718.32253825666
421.0526315789474, 4.578947368421052, 921.2612382050137, 0.00018644117288206584, 4291.9901947941335, 0.684194007087978, 11273696.64327718, 32716.77913251613
421.0526315789474, 4.657894736842105, 921.304941410526, 0.00018646122857205363, 4291.747463048617, 0.6842468547665731, 11274590.772744974, 32715.236215797533
421.0526315789474, 4.7368421052631575, 921.3486308353845, 0.00018648128094658602, 4291.504894789175, 0.6842996943804929, 11275485.034715548, 32713.6937876651
421.0526315789474, 4.815789473684211, 921.3923064920884, 0.00018650133000980417, 4291.262489806866, 0.684352525936194, 11276379.429035712, 32712.15184768369
421.0526315789474, 4.894736842105263, 921.435968393115, 0.0001865213757658388, 4291.02024789316, 0.6844053494401203, 11277273.955552539, 32710.610395418877
421.0526315789474, 4.973684210526316, 921.4796165509194, 0.00018654141821881695, 4290.77816883994, 0.684458164898697, 11278168.61411335, 32709.06943043687
421.0526315789474, 5.052631578947368, 921.5232509779324, 0.00018656145737285223, 4290.536252439503, 0.6845109723183413, 11279063.404565712, 32707.528952304558
421.0526315789474, 5.131578947368421, 921.5668716865632, 0.00018658149323205414, 4290.294498484554, 0.684563771705455, 11279958.326757453, 32705.988960589497
421.0526315789474, 5.2105263157894735, 921.6104786891977, 0.00018660152580052164, 4290.052906768209, 0.6846165630664187, 11280853.380536651, 32704.449454859896
421.0526315789474, 5.2894736842105265, 921.6540719982008, 0.0001866215550823479, 4289.811477083997, 0.6846693464076063, 11281748.565751636, 32702.910434684647
421.0526315789474, 5.368421052631579, 921.6976516259131, 0.0001866415810816146, 4289.570209225842, 0.6847221217353743, 11282643.88225098, 32701.371899633275
421.0526315789474, 5.447368421052632, 921.7412175846534, 0.00018666160380239913, 4289.329102988088, 0.6847748890560623, 11283539.329883516, 32699.833849276
421.0526315789474, 5.526315789473684, 921.7847698867184, 0.00018668162324876874, 4289.088158165479, 0.6848276483759997, 11284434.908498313, 32698.296283183652
421.0526315789474, 5.605263157894736, 921.8283085443812, 0.00018670163942478157, 4288.8473745531655, 0.6848803997015024, 11285330.617944704, 32696.759200927772
421.0526315789474, 5.684210526315789, 921.8718335698948, 0.00018672165233449018, 4288.6067519467, 0.6849331430388609, 11286226.458072253, 32695.222602080517
421.0526315789474, 5.7631578947368425, 921.9153449754872, 0.00018674166198193813, 4288.3662901420375, 0.684985878394366, 11287122.428730786, 32693.686486214716
421.0526315789474, 5.842105263157895, 921.9588427733668, 0.00018676166837116047, 4288.125988935541, 0.6850386057742915, 11288018.529770363, 32692.15085290384
421.0526315789474, 5.921052631578947, 922.0023269757171, 0.0001867816715061843, 4287.885848123967, 0.6850913251848864, 11288914.761041304, 32690.615701722025
421.0526315789474, 6.0, 922.045797594702, 0.00018680167139103, 4287.645867504477, 0.6851440366323943, 11289811.122394176, 32689.081032244052
431.57894736842104, 4.5, 911.2781377028047, 0.00017322347272161282, 4319.787483594972, 0.6816753422494244, 12089308.536390657, 34633.655371463006
431.57894736842104, 4.578947368421052, 911.3241635336053, 0.00017324334530715004, 4319.518745603474, 0.681730507284727, 12090154.105910268, 34631.998388703745
431.57894736842104, 4.657894736842105, 911.3701734585412, 0.000173263214137664, 4319.250206670295, 0.6817856631485351, 12090999.842330122, 34630.34197526367
431.57894736842104, 4.7368421052631575, 911.4161674935327, 0.00017328307921806553, 4318.981866517233, 0.6818408098492116, 12091845.745450871, 34628.68613059938
431.57894736842104, 4.815789473684211, 911.4621456544704, 0.00017330294055325514, 4318.713724866671, 0.681895947395107, 12092691.815073563, 34627.03085416844
431.57894736842104, 4.894736842105263, 911.5081079572157, 0.0001733227981481242, 4318.445781441571, 0.6819510757945495, 12093538.050999587, 34625.37614542934
431.57894736842104, 4.973684210526316, 911.5540544175988, 0.000173342652007554, 4318.178035965474, 0.6820061950558458, 12094384.45303066, 34623.72200384137
431.57894736842104, 5.052631578947368, 911.5999850514208, 0.0001733625021364164, 4317.910488162497, 0.6820613051872912, 12095231.020968845, 34622.06842886471
431.57894736842104, 5.131578947368421, 911.6458998744528, 0.00017338234853957193, 4317.643137757335, 0.6821164061971593, 12096077.754616572, 34620.41541996049
431.57894736842104, 5.2105263157894735, 911.691798902436, 0.00017340219122187434, 4317.375984475258, 0.6821714980937067, 12096924.653776592, 34618.76297659068
431.57894736842104, 5.2894736842105265, 911.7376821510819, 0.00017342203018816437, 4317.109028042111, 0.6822265808851669, 12097771.718252033, 34617.11109821818
431.57894736842104, 5.368421052631579, 911.7835496360731, 0.00017344186544327502, 4316.842268184304, 0.6822816545797648, 12098618.947846297, 34615.45978430663
431.57894736842104, 5.447368421052632, 911.8294013730618, 0.00017346169699202955, 4316.575704628828, 0.6823367191856993, 12099466.342363197, 34613.80903432069
431.57894736842104, 5.526315789473684, 911.8752373776713, 0.00017348152483924017, 4316.309337103235, 0.6823917747111531, 12100313.901606863, 34612.158847725834
431.57894736842104, 5.605263157894736, 911.9210576654942, 0.0001735013489897104, 4316.043165335649, 0.6824468211642931, 12101161.625381747, 34610.509223988396
431.57894736842104, 5.684210526315789, 911.9668622520951, 0.00017352116944823408, 4315.777189054761, 0.682501858553265, 12102009.513492668, 34608.86016257561
431.57894736842104, 5.7631578947368425, 912.0126511530096, 0.00017354098621959562, 4315.511407989821, 0.6825568868861981, 12102857.56574476, 34607.21166295555
431.57894736842104, 5.842105263157895, 912.0584243837419, 0.0001735607993085693, 4315.245821870653, 0.6826119061712023, 12103705.781943507, 34605.56372459716
431.57894736842104, 5.921052631578947, 912.10418195977, 0.00017358060871991971, 4314.980430427633, 0.682666916416377, 12104554.161894727, 34603.91634697026
431.57894736842104, 6.0, 912.1499238965392, 0.00017360041445840232, 4314.715233391706, 0.6827219176297903, 12105402.705404582, 34602.269529545534
442.10526315789474, 4.5, 900.8398440937283, 0.00016176298989262225, 4351.526127564991, 0.6785775335971466, 12911426.473319177, 36515.67550800741
442.10526315789474, 4.578947368421052, 900.8885225108925, 0.00016178274478694226, 4351.22563630982, 0.678633783325697, 12912218.173390139, 36513.89523133227
442.10526315789474, 4.657894736842105, 900.9371824321366, 0.00016180249542033714, 4350.925390593027, 0.6786900208625675, 12913010.082314175, 36512.115619977114
442.10526315789474, 4.7368421052631575, 900.9858238777842, 0.0001618222417986582, 4350.625390040383, 0.678746246198874, 12913802.199830603, 36510.336673258214
442.10526315789474, 4.815789473684211, 901.0344468681163, 0.00016184198392774367, 4350.325634278479, 0.6788024593254732, 12914594.525679255, 36508.558390493075
442.10526315789474, 4.894736842105263, 901.0830514233776, 0.00016186172181342128, 4350.026122934743, 0.6788586602329716, 12915387.059600411, 36506.78077100036
442.10526315789474, 4.973684210526316, 901.131637563773, 0.0001618814554615063, 4349.726855637423, 0.6789148489117122, 12916179.801334878, 36505.00381410002
442.10526315789474, 5.052631578947368, 901.1802053094664, 0.0001619011848778022, 4349.427832015589, 0.6789710253517692, 12916972.75062387, 36503.227519113025
442.10526315789474, 5.131578947368421, 901.2287546805836, 0.00016192091006810046, 4349.12905169913, 0.67902718954295, 12917765.907209134, 36501.45188536166
442.10526315789474, 5.2105263157894735, 901.2772856972119, 0.0001619406310381816, 4348.8305143187545, 0.6790833414747942, 12918559.270832865, 36499.67691216934
442.10526315789474, 5.2894736842105265, 901.3257983793981, 0.00016196034779381377, 4348.532219505988, 0.6791394811365518, 12919352.841237731, 36497.90259886066
442.10526315789474, 5.368421052631579, 901.3742927471511, 0.00016198006034075316, 4348.234166893165, 0.6791956085171988, 12920146.61816688, 36496.12894476137
442.10526315789474, 5.447368421052632, 901.4227688204403, 0.00016199976868474513, 4347.936356113436, 0.679251723605421, 12920940.601363929, 36494.355949198434
442.10526315789474, 5.526315789473684, 901.4712266191962, 0.00016201947283152232, 4347.638786800763, 0.6793078263896131, 12921734.790572975, 36492.58361149996
442.10526315789474, 5.605263157894736, 901.519666163311, 0.0001620391727868071, 4347.34145858991, 0.6793639168578693, 12922529.185538556, 36490.81193099522
442.10526315789474, 5.684210526315789, 901.5680874726379, 0.00016205886855630823, 4347.044371116448, 0.6794199949979857, 12923323.786005698, 36489.04090701465
442.10526315789474, 5.7631578947368425, 901.6164905669916, 0.00016207856014572477, 4346.747524016753, 0.6794760607974526, 12924118.591719901, 36487.270538889854
442.10526315789474, 5.842105263157895, 901.6648754661477, 0.0001620982475607432, 4346.450916928002, 0.6795321142434393, 12924913.602427103, 36485.50082595357
442.10526315789474, 5.921052631578947, 901.7132421898451, 0.00016211793080703896, 4346.154549488169, 0.6795881553228106, 12925708.817873733, 36483.73176753973
442.10526315789474, 6.0, 901.761590757781, 0.00016213760989027465, 4345.858421336029, 0.6796441840220969, 12926504.237806672, 36481.96336298338
452.63157894736844, 4.5, 889.8803602501345, 0.00015172469038616872, 4388.150540000794, 0.6741689707396834, 13740014.110677095, 38367.86760958503
452.63157894736844, 4.578947368421052, 889.9320933886826, 0.00015174440839505472, 4387.8109844089495, 0.6742281265276385, 13740745.252217658, 38365.951992977054
452.63157894736844, 4.657894736842105, 889.9838048294499, 0.00015176412154379175, 4387.471735880914, 0.6742872702377557, 13741476.654730743, 38364.03715814569
452.63157894736844, 4.7368421052631575, 890.0354945985099, 0.00015178382983939529, 4387.132793906506, 0.6743464018797202, 13742208.317872584, 38362.12310422158
452.63157894736844, 4.815789473684211, 890.0871627218819, 0.00015180353328886838, 4386.794157976747, 0.6744055214631686, 13742940.241300104, 38360.209830337015
452.63157894736844, 4.894736842105263, 890.1388092255364, 0.00015182323189919861, 4386.4558275838535, 0.6744646289977015, 13743672.42467087, 38358.29733562588
452.63157894736844, 4.973684210526316, 890.1904341353893, 0.00015184292567735949, 4386.11780222124, 0.6745237244928709, 13744404.867643151, 38356.385619223714
452.63157894736844, 5.052631578947368, 890.2420374773053, 0.00015186261463030984, 4385.780081383514, 0.6745828079581786, 13745137.56987585, 38354.47468026763
452.63157894736844, 5.131578947368421, 890.2936192770978, 0.00015188229876499562, 4385.442664566468, 0.6746418794030951, 13745870.531028539, 38352.56451789632
452.63157894736844, 5.2105263157894735, 890.345179560527, 0.00015190197808834713, 4385.105551267084, 0.6747009388370357, 13746603.750761462, 38350.65513125009
452.63157894736844, 5.2894736842105265, 890.3967183533024, 0.00015192165260728086, 4384.7687409835235, 0.6747599862693721, 13747337.228735536, 38348.746519470915
452.63157894736844, 5.368421052631579, 890.4482356810822, 0.00015194132232869949, 4384.43223321513, 0.6748190217094354, 13748070.964612273, 38346.83868170218
452.63157894736844, 5.447368421052632, 890.4997315694726, 0.00015196098725949115, 4384.09602746242, 0.6748780451665111, 13748804.958053928, 38344.93161708907
452.63157894736844, 5.526315789473684, 890.5512060440282, 0.00015198064740653023, 4383.7601232270845, 0.6749370566498354, 13749539.208723353, 38343.02532477821
452.63157894736844, 5.605263157894736, 890.6026591302533, 0.00015200030277667703, 4383.424520011982, 0.6749960561685988, 13750273.716284068, 38341.119803917834
452.63157894736844, 5.684210526315789, 890.6540908535993, 0.0001520199533767764, 4383.089217321142, 0.6750550437319569, 13751008.480400259, 38339.2150536578
452.63157894736844, 5.7631578947368425, 890.705501239469, 0.00015203959921366125, 4382.754214659748, 0.6751140193490034, 13751743.500736749, 38337.31107314948
452.63157894736844, 5.842105263157895, 890.7568903132117, 0.00015205924029414945, 4382.419511534152, 0.6751729830288016, 13752478.77695901, 38335.40786154584
452.63157894736844, 5.921052631578947, 890.8082581001272, 0.00015207887662504395, 4382.085107451855, 0.6752319347803608, 13753214.308733154, 38333.50541800139
452.63157894736844, 6.0, 890.8596046254646, 0.0001520985082131356, 4381.75100192152, 0.6752908746126457, 13753950.095725961, 38331.60374167221
463.1578947368421, 4.5, 878.3693719119195, 0.00014285664846774875, 4430.528740413602, 0.6686672285496449, 14576077.305588335, 40193.79955831961
463.1578947368421, 4.578947368421052, 878.4246373576838, 0.0001428764223322737, 4430.140900494414, 0.6687293743049699, 14576739.641596908, 40191.73370840871
463.1578947368421, 4.657894736842105, 878.4798771102809, 0.00014289619061644518, 4429.75344996147, 0.6687915063751149, 14577402.304226868, 40189.66878358662
463.1578947368421, 4.7368421052631575, 878.535091203384, 0.00014291595332874133, 4429.366388108276, 0.6688536247751222, 14578065.293020267, 40187.60478273476
463.1578947368421, 4.815789473684211, 878.5902796705949, 0.0001429357104776216, 4428.979714230134, 0.6689157295200067, 14578728.607520128, 40185.54170473684
463.1578947368421, 4.894736842105263, 878.6454425454456, 0.00014295546207152883, 4428.593427624115, 0.6689778206247301, 14579392.247270374, 40183.479548478696
463.1578947368421, 4.973684210526316, 878.7005798613998, 0.00014297520811888816, 4428.207527589091, 0.6690398981042283, 14580056.211815923, 40181.41831284845
463.1578947368421, 5.052631578947368, 878.7556916518507, 0.0001429949486281075, 4427.822013425687, 0.669101961973398, 14580720.500702599, 40179.35799673642
463.1578947368421, 5.131578947368421, 878.8107779501227, 0.0001430146836075763, 4427.436884436303, 0.6691640122470921, 14581385.11347717, 40177.29859903506
463.1578947368421, 5.2105263157894735, 878.8658387894708, 0.00014303441306566837, 4427.052139925102, 0.6692260489401313, 14582050.049687363, 40175.240118639114
463.1578947368421, 5.2894736842105265, 878.9208742030805, 0.0001430541370107379, 4426.667779198006, 0.6692880720672968, 14582715.308881816, 40173.182554445484
463.1578947368421, 5.368421052631579, 878.9758842240703, 0.0001430738554511239, 4426.283801562676, 0.6693500816433334, 14583380.890610106, 40171.12590535326
463.1578947368421, 5.447368421052632, 879.0308688854876, 0.00014309356839514685, 4425.900206328534, 0.6694120776829433, 14584046.794422762, 40169.07017026373
463.1578947368421, 5.526315789473684, 879.0858282203128, 0.0001431132758511101, 4425.516992806736, 0.6694740602007988, 14584713.019871186, 40167.0153480803
463.1578947368421, 5.605263157894736, 879.1407622614568, 0.00014313297782729976, 4425.134160310174, 0.6695360292115308, 14585379.566507757, 40164.96143770857
463.1578947368421, 5.684210526315789, 879.1956710417631, 0.0001431526743319849, 4424.75170815347, 0.6695979847297285, 14586046.433885766, 40162.90843805641
463.1578947368421, 5.7631578947368425, 879.2505545940056, 0.0001431723653734176, 4424.3696356529745, 0.6696599267699477, 14586713.621559411, 40160.8563480337
463.1578947368421, 5.842105263157895, 879.3054129508936, 0.00014319205095983205, 4423.987942126753, 0.6697218553467114, 14587381.129083809, 40158.80516655258
463.1578947368421, 5.921052631578947, 879.3602461450639, 0.000143211731099446, 4423.606626894586, 0.6697837704744942, 14588048.956014996, 40156.75489252723
463.1578947368421, 6.0, 879.4150542090882, 0.00014323140580045946, 4423.2256892779715, 0.6698456721677395, 14588717.101909937, 40154.70552487413
473.6842105263158, 4.5, 866.2672344280284, 0.00013495480329455756, 4479.743334242261, 0.6621139729668681, 15420805.94586463, 41997.19143808521
473.6842105263158, 4.578947368421052, 866.3266076720003, 0.00013497473897365427, 4479.295349149415, 0.6621793730111593, 15421389.24441745, 41994.956894972835
473.6842105263158, 4.657894736842105, 866.3859501829025, 0.0001349946681952599, 4478.847865226631, 0.6622447570252991, 15421972.95347716, 41992.72345595367
473.6842105263158, 4.7368421052631575, 866.4452620046134, 0.00013501459096971777, 4478.400881476475, 0.6623101250294074, 15422557.072426148, 41990.49111956846
473.6842105263158, 4.815789473684211, 866.5045431809149, 0.00013503450730734887, 4477.954396904251, 0.6623754770435555, 15423141.600648126, 41988.25988436105
473.6842105263158, 4.894736842105263, 866.563793755496, 0.00013505441721845375, 4477.508410518013, 0.6624408130877727, 15423726.537528211, 41986.02974887839
473.6842105263158, 4.973684210526316, 866.6230137719504, 0.00013507432071331019, 4477.062921328546, 0.6625061331820409, 15424311.882452877, 41983.80071167062
473.6842105263158, 5.052631578947368, 866.6822032737773, 0.0001350942178021744, 4476.6179283493675, 0.6625714373463032, 15424897.634809943, 41981.572771290914
473.6842105263158, 5.131578947368421, 866.7413623043815, 0.00013511410849528064, 4476.173430596697, 0.6626367256004585, 15425483.793988595, 41979.34592629551
473.6842105263158, 5.2105263157894735, 866.8004909070752, 0.00013513399280284184, 4475.729427089463, 0.6627019979643589, 15426070.359379366, 41977.120175243814
473.6842105263158, 5.2894736842105265, 866.859589125075, 0.00013515387073504887, 4475.285916849293, 0.6627672544578168, 15426657.330374146, 41974.89551669826
473.6842105263158, 5.368421052631579, 866.9186570015045, 0.00013517374230207052, 4474.84289890051, 0.6628324951006015, 15427244.70636616, 41972.67194922434
473.6842105263158, 5.447368421052632, 866.9776945793951, 0.00013519360751405537, 4474.400372270097, 0.6628977199124343, 15427832.486750003, 41970.4494713907
473.6842105263158, 5.526315789473684, 867.0367019016837, 0.00013521346638112878, 4473.958335987729, 0.6629629289129964, 15428420.670921573, 41968.228081768895
473.6842105263158, 5.605263157894736, 867.0956790112148, 0.000135233318913396, 4473.516789085721, 0.6630281221219282, 15429009.258278102, 41966.00777893362
473.6842105263158, 5.684210526315789, 867.1546259507397, 0.00013525316512093944, 4473.075730599056, 0.6630932995588216, 15429598.248218188, 41963.7885614626
473.6842105263158, 5.7631578947368425, 867.2135427629187, 0.00013527300501382105, 4472.635159565349, 0.6631584612432297, 15430187.640141737, 41961.57042793656
473.6842105263158, 5.842105263157895, 867.2724294903182, 0.00013529283860208146, 4472.195075024848, 0.6632236071946603, 15430777.433449954, 41959.35337693924
473.6842105263158, 5.921052631578947, 867.3312861754122, 0.00013531266589573879, 4471.755476020443, 0.6632887374325784, 15431367.627545398, 41957.13740705742
473.6842105263158, 6.0, 867.3901128605844, 0.00013533248690479136, 4471.316361597619, 0.6633538519764057, 15431958.221831948, 41954.92251688089
484.2105263157895, 4.5, 853.5230848451905, 0.00012785169266580506, 4537.16418353798, 0.6545286897582391, 16275621.049819883, 43782.0004574694
484.2105263157895, 4.578947368421052, 853.5872698288512, 0.0001278719121008638, 4536.6404586649305, 0.6545977040269964, 16276112.496884124, 43779.57418365745
484.2105263157895, 4.657894736842105, 853.6514176377035, 0.000127892123994443, 4536.117389746369, 0.6546666991804903, 16276604.463348728, 43777.14924119588
484.2105263157895, 4.7368421052631575, 853.715528329654, 0.00012791232835933873, 4535.594975339, 0.6547356752450589, 16277096.948367735, 43774.725628149
484.2105263157895, 4.815789473684211, 853.7796019624768, 0.0001279325252083193, 4535.073214003943, 0.6548046322469918, 16277589.951097276, 43772.303342585736
484.2105263157895, 4.894736842105263, 853.8436385938131, 0.00012795271455412417, 4534.552104306711, 0.6548735702125179, 16278083.47069547, 43769.882382579446
484.2105263157895, 4.973684210526316, 853.9076382811725, 0.00012797289640946498, 4534.031644817191, 0.6549424891678142, 16278577.506322458, 43767.46274620798
484.2105263157895, 5.052631578947368, 853.9716010819319, 0.00012799307078702527, 4533.511834109635, 0.6550113891390079, 16279072.057140434, 43765.044431553695
484.2105263157895, 5.131578947368421, 854.0355270533375, 0.00012801323769945992, 4532.992670762635, 0.6550802701521611, 16279567.122313576, 43762.6274367034
484.2105263157895, 5.2105263157894735, 854.0994162525046, 0.00012803339715939651, 4532.474153359112, 0.6551491322332922, 16280062.701008063, 43760.21175974831
484.2105263157895, 5.2894736842105265, 854.1632687364163, 0.00012805354917943388, 4531.956280486303, 0.6552179754083591, 16280558.792392092, 43757.797398784096
484.2105263157895, 5.368421052631579, 854.2270845619273, 0.00012807369377214382, 4531.439050735732, 0.6552867997032698, 16281055.395635843, 43755.384351910885
484.2105263157895, 5.447368421052632, 854.2908637857598, 0.0001280938309500694, 4530.922462703206, 0.6553556051438765, 16281552.509911481, 43752.97261723318
484.2105263157895, 5.526315789473684, 854.3546064645078, 0.00012811396072572663, 4530.4065149887865, 0.6554243917559754, 16282050.134393167, 43750.56219285988
484.2105263157895, 5.605263157894736, 854.4183126546341, 0.00012813408311160282, 4529.891206196794, 0.6554931595653102, 16282548.268257014, 43748.15307690426
484.2105263157895, 5.684210526315789, 854.4819824124745, 0.00012815419812015858, 4529.37653493577, 0.6555619085975727, 16283046.910681129, 43745.74526748397
484.2105263157895, 5.7631578947368425, 854.5456157942341, 0.00012817430576382645, 4528.862499818472, 0.6556306388783971, 16283546.060845558, 43743.33876272103
484.2105263157895, 5.842105263157895, 854.6092128559894, 0.0001281944060550111, 4528.349099461849, 0.6556993504333649, 16284045.717932327, 43740.933560741774
484.2105263157895, 5.921052631578947, 854.67277365369, 0.00012821449900609036, 4527.836332487041, 0.6557680432880092, 16284545.88112539, 43738.52965967687
484.2105263157895, 6.0, 854.7362982431559, 0.0001282345846294141, 4527.324197519354, 0.6558367174677997, 16285046.549610674, 43736.12705766134
494.7368421052632, 4.5, 840.0720896769627, 0.00012140791267856823, 4604.560895211813, 0.6459178567395867, 17142239.10536687, 45552.53193866763
494.7368421052632, 4.578947368421052, 840.1419620111895, 0.00012142855848595154, 4603.940399639585, 0.6459909422297446, 17142622.44778782, 45549.88486448305
494.7368421052632, 4.657894736842105, 840.2117887980703, 0.00012144919538723166, 4603.3207798981575, 0.6460640045954223, 17143006.453581717, 45547.239415645505
494.7368421052632, 4.7368421052631575, 840.2815701154187, 0.0001214698233985614, 4602.702033832578, 0.6461370438712998, 17143391.12156693, 45544.59558953402
494.7368421052632, 4.815789473684211, 840.3513060408563, 0.00012149044253605495, 4602.084159295327, 0.6462100600919811, 17143776.450564947, 45541.95338353429
494.7368421052632, 4.894736842105263, 840.4209966518113, 0.00012151105281578764, 4601.467154146267, 0.6462830532920012, 17144162.4394004, 45539.312795038815
494.7368421052632, 4.973684210526316, 840.4906420255195, 0.00012153165425379708, 4600.851016252627, 0.646356023505821, 17144549.086901013, 45536.67382144674
494.7368421052632, 5.052631578947368, 840.5602422390257, 0.00012155224686608197, 4600.2357434889645, 0.6464289707678262, 17144936.3918976, 45534.03646016391
494.7368421052632, 5.131578947368421, 840.6297973691844, 0.00012157283066860413, 4599.621333737124, 0.6465018951123367, 17145324.35322406, 45531.40070860281
494.7368421052632, 5.2105263157894735, 840.699307492659, 0.00012159340567728639, 4599.0077848862165, 0.6465747965735971, 17145712.96971739, 45528.766564182566
494.7368421052632, 5.2894736842105265, 840.7687726859219, 0.00012161397190801384, 4598.395094832596, 0.6466476751857745, 17146102.24021763, 45526.13402432893
494.7368421052632, 5.368421052631579, 840.8381930252592, 0.00012163452937663412, 4597.783261479792, 0.6467205309829761, 17146492.163567882, 45523.503086474186
494.7368421052632, 5.447368421052632, 840.9075685867649, 0.00012165507809895685, 4597.172282738518, 0.6467933639992255, 17146882.7386143, 45520.873748057274
494.7368421052632, 5.526315789473684, 840.9768994463478, 0.00012167561809075477, 4596.562156526624, 0.6468661742684821, 17147273.96420605, 45518.24600652357
494.7368421052632, 5.605263157894736, 841.0461856797259, 0.00012169614936776186, 4595.952880769056, 0.6469389618246297, 17147665.839195356, 45515.61985932508
494.7368421052632, 5.684210526315789, 841.1154273624322, 0.00012171667194567567, 4595.344453397843, 0.6470117267014821, 17148058.362437427, 45512.99530392022
494.7368421052632, 5.7631578947368425, 841.1846245698127, 0.00012173718584015662, 4594.736872352049, 0.6470844689327793, 17148451.532790486, 45510.37233777396
494.7368421052632, 5.842105263157895, 841.2537773770268, 0.0001217576910668269, 4594.130135577759, 0.6471571885521947, 17148845.349115755, 45507.75095835764
494.7368421052632, 5.921052631578947, 841.3228858590494, 0.00012177818764127277, 4593.524241028036, 0.6472298855933266, 17149239.81027742, 45505.131163149126
494.7368421052632, 6.0, 841.391950090667, 0.00012179867557904204, 4592.919186662895, 0.6473025600897003, 17149634.915142667, 45502.512949632626
505.2631578947369, 4.5, 825.8313445784931, 0.0001155054489043335, 4684.283114960321, 0.6362757482315795, 18022763.577338476, 47313.59292257657
505.2631578947369, 4.578947368421052, 825.9080155500604, 0.00011552669200963474, 4683.536601399505, 0.6363534822083144, 18023017.850800138, 47310.68778463853
505.2631578947369, 4.657894736842105, 825.984629850585, 0.00011554792444796093, 4682.791286451191, 0.6364311877943325, 18023272.982281774, 47307.78466114197
505.2631578947369, 4.7368421052631575, 826.0611875873435, 0.0001155691462402994, 4682.047166768164, 0.6365088650362126, 18023528.970090207, 47304.88354844353
505.2631578947369, 4.815789473684211, 826.137688867314, 0.00011559035740758113, 4681.304239016475, 0.6365865139804335, 18023785.81253729, 47301.9844429104
505.2631578947369, 4.894736842105263, 826.2141337971811, 0.0001156115579706816, 4680.562499875356, 0.6366641346733645, 18024043.507939875, 47299.08734092027
505.2631578947369, 4.973684210526316, 826.2905224833328, 0.00011563274795042106, 4679.821946037157, 0.6367417271612755, 18024302.054619804, 47296.19223886128
505.2631578947369, 5.052631578947368, 826.3668550318646, 0.00011565392736756382, 4679.082574207283, 0.6368192914903308, 18024561.450903893, 47293.29913313199
505.2631578947369, 5.131578947368421, 826.4431315485782, 0.00011567509624281938, 4678.344381104106, 0.6368968277065911, 18024821.69512388, 47290.408020141316
505.2631578947369, 5.2105263157894735, 826.5193521389849, 0.00011569625459684258, 4677.60736345892, 0.6369743358560143, 18025082.785616472, 47287.51889630852
505.2631578947369, 5.2894736842105265, 826.5955169083039, 0.00011571740245023287, 4676.871518015866, 0.6370518159844536, 18025344.720723253, 47284.631758063144
505.2631578947369, 5.368421052631579, 826.671625961466, 0.00011573853982353559, 4676.136841531855, 0.6371292681376639, 18025607.4987907, 47281.74660184499
505.2631578947369, 5.447368421052632, 826.7476794031129, 0.00011575966673724178, 4675.403330776522, 0.6372066923612891, 18025871.11817016, 47278.86342410407
505.2631578947369, 5.526315789473684, 826.8236773375984, 0.00011578078321178771, 4674.670982532143, 0.637284088700879, 18026135.577217847, 47275.98222130058
505.2631578947369, 5.605263157894736, 826.8996198689906, 0.00011580188926755588, 4673.939793593575, 0.6373614572018763, 18026400.8742948, 47273.10298990487
505.2631578947369, 5.684210526315789, 826.9755071010712, 0.00011582298492487563, 4673.209760768194, 0.6374387979096232, 18026667.00776685, 47270.22572639731
505.2631578947369, 5.7631578947368425, 827.0513391373365, 0.00011584407020402088, 4672.480880875833, 0.6375161108693576, 18026933.97600464, 47267.35042726839
505.2631578947369, 5.842105263157895, 827.1271160810016, 0.00011586514512521419, 4671.753150748709, 0.6375933961262183, 18027201.77738361, 47264.477089018634
505.2631578947369, 5.921052631578947, 827.2028380349967, 0.00011588620970862297, 4671.026567231367, 0.6376706537252415, 18027470.41028391, 47261.605708158466
505.2631578947369, 6.0, 827.2785051019697, 0.00011590726397436246, 4670.301127180612, 0.6377478837113612, 18027739.873090476, 47258.736281208374
515.7894736842105, 4.5, 810.6935465118283, 0.00011004221454784131, 4779.562035567816, 0.6255826787389286, 18919820.94961701, 49070.71710672005
515.7894736842105, 4.578947368421052, 810.7784627951092, 0.00011006426674619567, 4778.64726554843, 0.6256658012640735, 18919918.510280732, 49067.50510184251
515.7894736842105, 4.657894736842105, 810.8633071907336, 0.00011008630592902979, 4777.734188123057, 0.6257488883136456, 18920017.1996119, 49064.29564124556
515.7894736842105, 4.7368421052631575, 810.9480798520189, 0.00011010833212475107, 4776.822797826616, 0.6258319399523675, 18920117.0151019, 49061.088719689906
515.7894736842105, 4.815789473684211, 811.0327809317905, 0.00011013034536167804, 4775.913089219501, 0.6259149562447983, 18920217.954250716, 49057.88433195377
515.7894736842105, 4.894736842105263, 811.1174105823857, 0.00011015234566804059, 4775.005056887411, 0.6259979372553337, 18920320.014566835, 49054.68247283269
515.7894736842105, 4.973684210526316, 811.201968955653, 0.00011017433307198126, 4774.098695441186, 0.6260808830481984, 18920423.193567205, 49051.483137139454
515.7894736842105, 5.052631578947368, 811.2864562029578, 0.00011019630760155477, 4773.193999516662, 0.6261637936874587, 18920527.488777198, 49048.286319704086
515.7894736842105, 5.131578947368421, 811.37087247518, 0.00011021826928472795, 4772.2909637745, 0.6262466692370091, 18920632.897730585, 49045.09201537367
515.7894736842105, 5.2105263157894735, 811.4552179227213, 0.000110240218149382, 4771.389582900034, 0.6263295097605887, 18920739.417969473, 49041.90021901232
515.7894736842105, 5.2894736842105265, 811.5394926955017, 0.00011026215422331037, 4770.489851603123, 0.6264123153217684, 18920847.04704431, 49038.71092550113
515.7894736842105, 5.368421052631579, 811.6236969429683, 0.00011028407753422159, 4769.59176461799, 0.6264950859839596, 18920955.782513764, 49035.524129738056
515.7894736842105, 5.447368421052632, 811.707830814091, 0.0001103059881097378, 4768.6953167030715, 0.626577821810408, 18921065.621944778, 49032.339826637806
515.7894736842105, 5.526315789473684, 811.7918944573697, 0.00011032788597739636, 4767.800502640869, 0.6266605228642024, 18921176.56291249, 49029.158011131854
515.7894736842105, 5.605263157894736, 811.8758880208313, 0.00011034977116464937, 4766.907317237803, 0.6267431892082689, 18921288.603000157, 49025.978678168285
515.7894736842105, 5.684210526315789, 811.9598116520378, 0.00011037164369886461, 4766.015755324046, 0.6268258209053705, 18921401.739799216, 49022.8018227118
515.7894736842105, 5.7631578947368425, 812.0436654980838, 0.00011039350360732579, 4765.1258117534035, 0.6269084180181138, 18921515.9709091, 49019.627439743475
515.7894736842105, 5.842105263157895, 812.1274497055985, 0.00011041535091723238, 4764.237481403141, 0.6269909806089446, 18921631.29393737, 49016.45552426092
515.7894736842105, 5.921052631578947, 812.2111644207519, 0.00011043718565570125, 4763.350759173857, 0.6270735087401502, 18921747.70649953, 49013.286071278
515.7894736842105, 6.0, 812.2948097892514, 0.00011045900784976521, 4762.465639989328, 0.6271560024738605, 18921865.2062191, 49010.1190758249
526.3157894736842, 4.5, 794.5167963466156, 0.00010492719790813314, 4895.039362031443, 0.613800969902131, 19836773.176919464, 50830.51358856214
526.3157894736842, 4.578947368421052, 794.611904180174, 0.00010495033321021554, 4893.892430428059, 0.6138904560706537, 19836676.500575338, 50826.92893475631
526.3157894736842, 4.657894736842105, 794.7069184802187, 0.0001049734522240352, 4892.747988196461, 0.6139798968834967, 19836581.343065865, 50823.34757357688
526.3157894736842, 4.7368421052631575, 794.8018394772286, 0.00010499655499030027, 4891.606025829495, 0.6140692924354175, 19836487.700506154, 50819.769497145506
526.3157894736842, 4.815789473684211, 794.8966674007875, 0.00010501964154956204, 4890.466533873087, 0.6141586428208641, 19836395.56902693, 50816.19469761493
526.3157894736842, 4.894736842105263, 794.9914024795931, 0.00010504271194221653, 4889.329502925848, 0.6142479481339707, 19836304.944774434, 50812.62316716859
526.3157894736842, 4.973684210526316, 795.0860449414599, 0.00010506576620850483, 4888.194923638694, 0.6143372084685674, 19836215.823910404, 50809.0548980207
526.3157894736842, 5.052631578947368, 795.1805950133232, 0.00010508880438851412, 4887.062786714482, 0.6144264239181767, 19836128.202611916, 50805.48988241596
526.3157894736842, 5.131578947368421, 795.275052921246, 0.00010511182652217862, 4885.933082907611, 0.6145155945760238, 19836042.07707135, 50801.928112629306
526.3157894736842, 5.2105263157894735, 795.3694188904223, 0.0001051348326492802, 4884.805803023678, 0.6146047205350257, 19835957.443496276, 50798.369580965904
526.3157894736842, 5.2894736842105265, 795.4636931451829, 0.00010515782280944948, 4883.680937919074, 0.6146938018878054, 19835874.298109345, 50794.814279760845
526.3157894736842, 5.368421052631579, 795.5578759090004, 0.00010518079704216663, 4882.558478500647, 0.614782838726683, 19835792.63714827, 50791.26220137906
526.3157894736842, 5.447368421052632, 795.6519674044916, 0.00010520375538676216, 4881.438415725316, 0.6148718311436883, 19835712.456865676, 50787.71333821514
526.3157894736842, 5.526315789473684, 795.7459678534266, 0.00010522669788241811, 4880.320740599723, 0.6149607792305518, 19835633.75352906, 50784.16768269313
526.3157894736842, 5.605263157894736, 795.8398774767289, 0.00010524962456816827, 4879.2054441798555, 0.615049683078716, 19835556.523420677, 50780.62522726643
526.3157894736842, 5.684210526315789, 795.9336964944835, 0.00010527253548289952, 4878.092517570706, 0.6151385427793302, 19835480.762837455, 50777.08596441749
526.3157894736842, 5.7631578947368425, 796.0274251259403, 0.00010529543066535257, 4876.981951925909, 0.6152273584232566, 19835406.46809097, 50773.54988665792
526.3157894736842, 5.842105263157895, 796.1210635895173, 0.00010531831015412238, 4875.873738447391, 0.6153161301010699, 19835333.63550726, 50770.016986528004
526.3157894736842, 5.921052631578947, 796.214612102808, 0.00010534117398765957, 4874.767868385013, 0.6154048579030569, 19835262.26142687, 50766.48725659682
526.3157894736842, 6.0, 796.3080708825842, 0.00010536402220427123, 4873.664333036239, 0.6154935419192246, 19835192.34220466, 50762.96068946186
536.8421052631579, 4.5, 22.08134649056482, 1.8036161760245323e-05, 3860.3887194283407, 0.05239888663766371, 50860730.68694364, 109299.12567638466
536.8421052631579, 4.578947368421052, 22.582898881677846, 1.8022668344418235e-05, 3940.9997194817215, 0.05274858665839804, 50779445.563866, 109029.07232730431
536.8421052631579, 4.657894736842105, 23.091331924161622, 1.8009181027133933e-05, 4026.083215035903, 0.053107507523124285, 50696662.815100744, 108758.85276880114
536.8421052631579, 4.7368421052631575, 23.606950283096715, 1.7995698750380236e-05, 4116.049275693031, 0.053476308096842055, 50612306.51318961, 108488.24622884962
536.8421052631579, 4.815789473684211, 24.13008264455875, 1.7982220346893013e-05, 4211.373824488404, 0.05385573002692563, 50526293.79712505, 108217.02334919092
536.8421052631579, 4.894736842105263, 24.661085108479455, 1.7968744510348152e-05, 4312.616327837537, 0.054246614960344226, 50438533.5320854, 107944.94344226646
536.8421052631579, 4.973684210526316, 25.200345408819178, 1.7955269754777855e-05, 4420.442621863578, 0.0546499269183532, 50348924.5833101, 107671.75105620247
536.8421052631579, 5.052631578947368, 777.860926214315, 0.00010024724865111159, 5027.45827535766, 0.6015465391970295, 20775705.407247335, 52572.98657897984
536.8421052631579, 5.131578947368421, 777.9680851470184, 0.00010027169483037338, 5026.003423873304, 0.6016433094688934, 20775376.19435276, 52568.96769193158
536.8421052631579, 5.2105263157894735, 778.0751206559917, 0.00010029612032614063, 5024.552312087945, 0.6017400209151302, 20775049.04602536, 52564.95311944408
536.8421052631579, 5.2894736842105265, 778.1820330996535, 0.00010032052519914337, 5023.104922978194, 0.6018366736816689, 20774723.95609891, 52560.942849362946
536.8421052631579, 5.368421052631579, 778.288822834748, 0.00010034490950982782, 5021.661239631338, 0.6019332679137949, 20774400.9184367, 52556.9368695908
536.8421052631579, 5.447368421052632, 778.3954902163541, 0.00010036927331835788, 5020.221245244548, 0.6020298037561331, 20774079.926931374, 52552.935168086995
536.8421052631579, 5.526315789473684, 778.5020355978987, 0.0001003936166846176, 5018.784923124095, 0.6021262813526691, 20773760.975504693, 52548.9377328672
536.8421052631579, 5.605263157894736, 778.6084593311616, 0.00010041793966821147, 5017.3522566845495, 0.6022227008467479, 20773444.05810743, 52544.94455200314
536.8421052631579, 5.684210526315789, 778.7147617662889, 0.00010044224232846766, 5015.923229448, 0.6023190623810813, 20773129.168719076, 52540.955613622034
536.8421052631579, 5.7631578947368425, 778.8209432517999, 0.00010046652472443729, 5014.497825043281, 0.6024153660977564, 20772816.301347733, 52536.97090590642
536.8421052631579, 5.842105263157895, 778.9270041345993, 0.00010049078691489865, 5013.07602720516, 0.6025116121382358, 20772505.450029895, 52532.99041709374
536.8421052631579, 5.921052631578947, 779.0329447599855, 0.00010051502895835687, 5011.6578197736, 0.6026078006433608, 20772196.608830255, 52529.014135475954
536.8421052631579, 6.0, 779.138765471659, 0.00010053925091304604, 5010.243186692942, 0.602703931753364, 20771889.771841563, 52525.042049399264
547.3684210526316, 4.5, 21.187515272656896, 1.857213691879637e-05, 3475.480126663316, 0.05230259302895862, 51553143.81827592, 110576.6490213305
547.3684210526316, 4.578947368421052, 21.650663387130127, 1.8560917046372245e-05, 3528.3109611204713, 0.05259699660953444, 51484161.083224304, 110329.30560521751
547.3684210526316, 4.657894736842105, 22.11881046830267, 1.8549733407210117e-05, 3583.169685979353, 0.052897062609557656, 51414253.4610952, 110082.85386619736
547.3684210526316, 4.7368421052631575, 22.592123015742292, 1.853858647500773e-05, 3640.179603900979, 0.053203067200707325, 51343388.11604973, 109837.15267735311
547.3684210526316, 4.815789473684211, 23.07077662632715, 1.852747675648727e-05, 3699.4731825712383, 0.053515308011794833, 51271530.43218951, 109592.06186162935
547.3684210526316, 4.894736842105263, 23.554956676150848, 1.8516404794646452e-05, 3761.1934202605644, 0.053834106417624185, 51198643.88770373, 109347.44169742742
547.3684210526316, 4.973684210526316, 24.044859084898327, 1.850537117200644e-05, 3825.4956168473677, 0.05415981021039518, 51124689.900954776, 109103.1523947388
547.3684210526316, 5.052631578947368, 24.540691181137255, 1.849437651371345e-05, 3892.549667103679, 0.05449279675421739, 51049627.63983443, 108859.05352406838
547.3684210526316, 5.131578947368421, 25.042672692018776, 1.848342149030425e-05, 3962.54302119518, 0.05483347675427531, 50973413.78352005, 108615.00337662436
547.3684210526316, 5.2105263157894735, 25.551036887249847, 1.8472506819890904e-05, 4035.6844912634865, 0.05518229881252917, 50896002.223095916, 108370.85822961734
547.3684210526316, 5.2894736842105265, 26.066031915205176, 1.846163326945481e-05, 4112.209123671764, 0.05553975499425891, 50817343.68429928, 108126.47148486853
547.3684210526316, 5.368421052631579, 26.58792237908642, 1.845080165486466e-05, 4192.384405213621, 0.05590638769774528, 50737385.251804024, 107881.69264210494
547.3684210526316, 5.447368421052632, 27.11699121359584, 1.844001283914608e-05, 4276.518129720847, 0.05628279820742742, 50656069.769859664, 107636.36606012365
547.3684210526316, 5.526315789473684, 27.65354193827584, 1.8429267728432722e-05, 4364.96832070789, 0.05666965742481006, 50573335.08862722, 107390.32944919591
547.3684210526316, 5.605263157894736, 28.197901383224494, 1.841856726491956e-05, 4458.1556878902375, 0.05706771941881733, 50489113.11904556, 107143.41202639333
547.3684210526316, 5.684210526315789, 28.750423007265407, 1.8407912416020584e-05, 4556.579192872046, 0.0574778386281748, 50403328.65134738, 106895.43225162392
547.3684210526316, 5.7631578947368425, 29.311490958997144, 1.8397304158807265e-05, 4660.835414669517, 0.057900991795914354, 50315897.88321395, 106646.19504570364
547.3684210526316, 5.842105263157895, 29.881525068946047, 1.8386743458675302e-05, 4771.6425421391405, 0.05833830603773974, 50226726.59277437, 106395.48837231331
547.3684210526316, 5.921052631578947, 760.412160806459, 9.587695165127365e-05, 5184.15121669796, 0.5885902733805076, 21738262.907675646, 54311.03670598622
547.3684210526316, 6.0, 760.5340729317272, 9.59030460228006e-05, 5182.269154431581, 0.5886956435242479, 21737646.706809808, 54306.49419413329
557.8947368421052, 4.5, 20.419689347486365, 1.9096057304682424e-05, 3228.2360123309923, 0.05242887304270233, 52187329.03249325, 111724.39112253855
557.8947368421052, 4.578947368421052, 20.85353009240587, 1.9086688784624412e-05, 3267.207247639264, 0.05268515680530508, 52126923.60737757, 111492.576510411
557.8947368421052, 4.657894736842105, 21.291233915247084, 1.907737035704216e-05, 3307.2997843816456, 0.052945357830552084, 52065880.075622536, 111262.1730139158
557.8947368421052, 4.7368421052631575, 21.732904176357728, 1.9068102885923323e-05, 3348.5682254501703, 0.053209622377365554, 52004181.32246388, 111033.06799112457
557.8947368421052, 4.815789473684211, 22.17864877688562, 1.905888727696465e-05, 3391.0701120917015, 0.053478105452224, 51941809.43156268, 110805.15152379131
557.8947368421052, 4.894736842105263, 22.628580422334814, 1.9049724480601802e-05, 3434.8660631602024, 0.05375097147322317, 51878745.655351326, 110578.31609762849
557.8947368421052, 4.973684210526316, 23.082816903967824, 1.904061549532319e-05, 3480.019938900621, 0.05402839499404605, 51814970.38380305, 110352.45630123619
557.8947368421052, 5.052631578947368, 23.54148140000375, 1.9031561371285318e-05, 3526.5990382121927, 0.054310561496045406, 51750463.11102706, 110127.46854059238
557.8947368421052, 5.131578947368421, 24.004702798974073, 1.9022563214246052e-05, 3574.6743408207344, 0.05459766825856929, 51685202.39890288, 109903.25076589624
557.8947368421052, 5.2105263157894735, 24.47261604811093, 1.9013622189830865e-05, 3624.320808806871, 0.05488992532013449, 51619165.83673507, 109679.70220733748
557.8947368421052, 5.2894736842105265, 24.945362530282658, 1.900473952814479e-05, 3675.617765585928, 0.05518755654622063, 51552329.99562772, 109456.7231160312
557.8947368421052, 5.368421052631579, 25.423090473783137, 1.899591652874051e-05, 3728.6493748252187, 0.05549080082350595, 51484670.37593599, 109234.21450590133
557.8947368421052, 5.447368421052632, 25.905955400261917, 1.898715456594982e-05, 3783.5052470436462, 0.05579991340552616, 51416161.34574095, 109012.07789169515
557.8947368421052, 5.526315789473684, 26.394120617290753, 1.897845509458189e-05, 3840.2812079139203, 0.056115167441300726, 51346776.06780182, 108790.21501755388
557.8947368421052, 5.605263157894736, 26.88775776354854, 1.8969819655987774e-05, 3899.0802697504437, 0.05643685572679719, 51276486.411852516, 108568.52756962355
557.8947368421052, 5.684210526315789, 27.387047416430647, 1.8961249884486082e-05, 3960.0138565134616, 0.056765292729643646, 51205262.848413005, 108346.91686504376
557.8947368421052, 5.7631578947368425, 27.892179774122543, 1.895274751413995e-05, 4023.203343122596, 0.05710081695081343, 51133074.31946114, 108125.2835082675
557.8947368421052, 5.842105263157895, 28.403355426908067, 1.894431438587094e-05, 4088.7819822172105, 0.05744379370379358, 51059888.080337726, 107903.52700400735
557.8947368421052, 5.921052631578947, 28.92078623581579, 1.893595245489162e-05, 4156.897306038847, 0.057794618412883664, 50985669.50611327, 107681.54531413376
557.8947368421052, 6.0, 29.444696340770548, 1.892766379843548e-05, 4227.7141082059325, 0.05815372055884811, 50910381.85429974, 107459.2343435171
568.421052631579, 4.5, 19.743632001070864, 1.9610146064976083e-05, 3049.979101119558, 0.05271238105393023, 52781799.7270657, 112780.11732473981
568.421052631579, 4.578947368421052, 20.153823441381338, 1.9602336007446367e-05, 3080.6415454208063, 0.05293982202950563, 52727939.11897077, 112559.92902585487
568.421052631579, 4.657894736842105, 20.567114885408692, 1.9594582566180252e-05, 3112.0000033409406, 0.053170153189510426, 52673608.18683595, 112341.45000403063
568.421052631579, 4.7368421052631575, 20.983575236667654, 1.9586886669172287e-05, 3144.0819600384284, 0.053403461316719594, 52618797.259244956, 112124.58084893343
568.421052631579, 4.815789473684211, 21.403275892711545, 1.9579249280944377e-05, 3176.916305138328, 0.05363983739582173, 52563496.252306126, 111909.22556564277
568.421052631579, 4.894736842105263, 21.826290870312302, 1.957167140448523e-05, 3210.5333795392385, 0.05387937688081187, 52507694.65466679, 111695.29128101889
568.421052631579, 4.973684210526316, 22.252696937607585, 1.9564154083340123e-05, 3244.965023017783, 0.054122179981259934, 52451381.51234316, 111482.68797120624
568.421052631579, 5.052631578947368, 22.68257375365314, 1.955669840386303e-05, 3280.244623126879, 0.05436835196893042, 52394545.41334303, 111271.32820820628
568.421052631579, 5.131578947368421, 23.11600401586772, 1.9549305497643874e-05, 3316.407166087943, 0.05461800350640571, 52337174.47204351, 111061.12692364612
568.421052631579, 5.2105263157894735, 23.55307361591715, 1.9541976544124334e-05, 3353.489290630874, 0.05487125099958154, 52279256.31326694, 110852.00118803028
568.421052631579, 5.2894736842105265, 23.993871804655473, 1.9534712773416515e-05, 3391.5293460483012, 0.055128216976165725, 52220778.05597348, 110643.87000388849
568.421052631579, 5.368421052631579, 24.43849136682618, 1.9527515469339557e-05, 3430.567456112243, 0.05538903049263402, 52161726.296459734, 110436.65411133273
568.421052631579, 5.447368421052632, 24.887028806329692, 1.952038597269005e-05, 3470.6455909639553, 0.05565382757249418, 52102087.090915754, 110230.27580460299
568.421052631579, 5.526315789473684, 25.33958454298682, 1.9513325684763078e-05, 3511.8076496444146, 0.055922751679198204, 52041845.937148415, 110024.65875822179
568.421052631579, 5.605263157894736, 25.79626312187604, 1.9506336071141655e-05, 3554.0995565990384, 0.056195954227646165, 51980987.75522612, 109819.72786138862
568.421052631579, 5.684210526315789, 26.257173436500707, 1.949941866577329e-05, 3597.5693762829405, 0.05647359513897075, 51919496.866735406, 109615.40905922437
568.421052631579, 5.7631578947368425, 26.72242896725513, 1.9492575075353578e-05, 3642.267450932161, 0.05675584344420959, 51857356.97226458, 109411.62919942751
568.421052631579, 5.842105263157895, 27.192148036913874, 1.9485806984038072e-05, 3688.246567674249, 0.05704287794360755, 51794551.12663938, 109208.31588281831
568.421052631579, 5.921052631578947, 27.66645408517251, 1.9479116158505094e-05, 3735.5621624540995, 0.057334887929687245, 51731061.711330324, 109005.39731612947
568.421052631579, 6.0, 28.145475964631608, 1.9472504453393878e-05, 3784.2725697775295, 0.05763207398394605, 51666870.40332727, 108802.80216524312
578.9473684210527, 4.5, 19.13850186204753, 2.011594959947878e-05, 2913.299446220407, 0.05311763310639598, 53346692.17594022, 113764.88885428358
578.9473684210527, 4.578947368421052, 19.528936265925545, 2.0109477201393642e-05, 2938.3530012837136, 0.053322132348723086, 53298083.676944554, 113553.85869136236
578.9473684210527, 4.657894736842105, 19.921923433434177, 2.0103064160115237e-05, 2963.8754911860897, 0.053528854144096936, 53249113.2671618, 113344.7269020525
578.9473684210527, 4.7368421052631575, 20.317511688855724, 2.0096711354533596e-05, 2989.881664028166, 0.0537378539796645, 53199775.137385495, 113137.40081488216
578.9473684210527, 4.815789473684211, 20.71575081328908, 2.0090419693073225e-05, 3016.3869896748542, 0.05394918955533956, 53150063.25993543, 112931.79151231203
578.9473684210527, 4.894736842105263, 21.116692108053822, 2.008419011494839e-05, 3043.407685660309, 0.05416292090397275, 53099971.38033436, 112727.81354872703
578.9473684210527, 4.973684210526316, 21.520388461290867, 2.0078023591495555e-05, 3070.9607433014603, 0.05437911051902723, 53049493.00885579, 112525.38468966064
578.9473684210527, 5.052631578947368, 21.926894417922867, 2.0071921127588587e-05, 3099.063954018193, 0.054597823490241296, 52998621.41194455, 112324.42567022865
578.9473684210527, 5.131578947368421, 22.336266253148874, 2.0065883763142686e-05, 3127.735935874017, 0.05481912764779466, 52947349.603512, 112124.85997096791
578.9473684210527, 5.2105263157894735, 22.74856204965983, 2.0059912574713366e-05, 3156.9961603716697, 0.055043093715533585, 52895670.336104795, 111926.6136094649
578.9473684210527, 5.2894736842105265, 23.16384177877615, 2.0054008677197224e-05, 3186.86497956473, 0.05526979547385563, 52843576.09194531, 111729.61494632678
578.9473684210527, 5.368421052631579, 23.58216738572429, 2.0048173225641732e-05, 3217.3636535798582, 0.05549930993290386, 52791059.07383741, 111533.79450419045
578.9473684210527, 5.447368421052632, 24.003602879288067, 2.004240741717167e-05, 3248.5143786860726, 0.05573171751677917, 52738111.19592971, 111339.08479859326
578.9473684210527, 5.526315789473684, 24.42821442609145, 2.0036712493040403e-05, 3280.340316098812, 0.05596710225954501, 52684724.074321926, 111145.42017963715
578.9473684210527, 5.605263157894736, 24.856070449794142, 2.0031089740814675e-05, 3312.8656217688867, 0.056205552013876225, 52630889.01749629, 110952.73668347343
578.9473684210527, 5.684210526315789, 25.287241735509426, 2.002554049670222e-05, 3346.11547748158, 0.056447158673293196, 52576597.01654797, 110760.97189271485
578.9473684210527, 5.7631578947368425, 25.721801539786007, 2.0020066148032098e-05, 3380.116123680858, 0.056692018409027115, 52521838.73518176, 110570.06480495201
578.9473684210527, 5.842105263157895, 26.15982570653386, 2.0014668135898328e-05, 3414.894894540069, 0.05694023192268543, 52466604.49943148, 110379.9557086057
578.9473684210527, 5.921052631578947, 26.601392789316833, 2.0009347957978136e-05, 3450.480255925875, 0.057191904716031056, 52410884.28704869, 110190.58606539463
578.9473684210527, 6.0, 27.046584180485713, 2.0004107171536985e-05, 3486.901847049057, 0.05744714737935987, 52354667.716492765, 110001.89839873237
589.4736842105264, 4.5, 18.590250990490325, 2.061462394634703e-05, 2804.932250589348, 0.05362205769652933, 53888501.36909896, 114692.38785462381
589.4736842105264, 4.578947368421052, 18.963778597920836, 2.060931447533424e-05, 2825.899650540485, 0.05380773541019347, 53844237.88313153, 114488.79729028927
589.4736842105264, 4.657894736842105, 19.339448478830874, 2.0604065000651188e-05, 2847.2024472499106, 0.05399517333577355, 53799687.7269869, 114287.23395805228
589.4736842105264, 4.7368421052631575, 19.717295833472026, 2.059887631596829e-05, 2868.84897687494, 0.054184408921822004, 53754847.21403741, 114087.60882288385
589.4736842105264, 4.815789473684211, 20.097356757787505, 2.059374923814304e-05, 2890.8479555009794, 0.0543754808674688, 53709712.54001425, 113889.8367764539
589.4736842105264, 4.894736842105263, 20.479668276952285, 2.058868460804885e-05, 2913.2084934185627, 0.05456842918024263, 53664279.77839316, 113693.83636147762
589.4736842105264, 4.973684210526316, 20.864268380457116, 2.058368329144536e-05, 2935.940109620906, 0.05476329523711162, 53618544.8756945, 113499.52951736825
589.4736842105264, 5.052631578947368, 21.251196058806443, 2.0578746179892785e-05, 2959.0527465160267, 0.0549601218489292, 53572503.646698095, 113306.84134517136
589.4736842105264, 5.131578947368421, 21.640491341904088, 2.0573874191713123e-05, 2982.5567848487804, 0.055158953328481655, 53526151.76957382, 113115.69988997457
589.4736842105264, 5.2105263157894735, 22.032195339204137, 2.0569068273001164e-05, 3006.4630588300097, 0.055359835562345694, 53479484.780928485, 112926.03593918012
589.4736842105264, 5.2894736842105265, 22.42635028170922, 2.056432939868843e-05, 3030.782871472662, 0.0555628160867779, 53432498.07076945, 112737.78283519731
589.4736842105264, 5.368421052631579, 22.8229995659025, 2.055965857366335e-05, 3055.5280101381845, 0.05576794416787083, 53385186.87738482, 112550.87630126023
589.4736842105264, 5.447368421052632, 23.222187799705413, 2.0555056833951217e-05, 3080.7107623010215, 0.0559752708862267, 53337546.28213989, 112365.25427920875
589.4736842105264, 5.526315789473684, 23.623960850558472, 2.0550525247957617e-05, 3106.343931544769, 0.0561848492264159, 53289571.20418907, 112180.856778186
589.4736842105264, 5.605263157894736, 24.028365895728797, 2.0546064917779363e-05, 3132.440853810627, 0.056396734171505834, 53241256.395100944, 111997.62573330863
589.4736842105264, 5.684210526315789, 24.435451474955318, 2.0541676980587063e-05, 3159.0154139275824, 0.05661098280296589, 53192596.433394864, 111815.50487345632
589.4736842105264, 5.7631578947368425, 24.84526754555004, 2.0537362610083812e-05, 3186.082062464268, 0.0568276544062772, 53143585.718984365, 111634.43959740801
589.4736842105264, 5.842105263157895, 25.257865540082566, 2.0533123018044815e-05, 3213.6558329552163, 0.0570468105826004, 53094218.46752312, 111454.37685762155
589.4736842105264, 5.921052631578947, 25.673298426785138, 2.0528959455942864e-05, 3241.7523595692605, 0.057268515366883016, 53044488.70464656, 111275.26505101837
589.4736842105264, 6.0, 26.091620772825767, 2.0524873216665133e-05, 3270.387895305654, 0.05749283535281937, 52994390.26010091, 111097.05391618743
600.0, 4.5, 18.088797088861877, 2.1107070188372468e-05, 2717.3259407599453, 0.05420990249236875, 54411821.82520851, 115572.37134674526
600.0, 4.578947368421052, 18.44759502212808, 2.110278096370963e-05, 2735.1680755130947, 0.054379809505379566, 54371225.84302295, 115374.94901045092
600.0, 4.657894736842105, 18.808217146240867, 2.1098551156066292e-05, 2753.2607261956564, 0.054551142336956605, 54330398.18592139, 115179.64641834999
600.0, 4.7368421052631575, 19.17068985055968, 2.109438146747831e-05, 2771.6088343071515, 0.054723927312496874, 54289336.39360968, 114986.3765990302
600.0, 4.815789473684211, 19.53504009963764, 2.1090272618001575e-05, 2790.2175456429445, 0.05489819150606617, 54248037.94174659, 114795.0565979764
600.0, 4.894736842105263, 19.901295451651656, 2.108622534626811e-05, 2809.0922180895886, 0.05507396276987349, 54206500.23936, 114605.60720533412
600.0, 4.973684210526316, 20.26948407760765, 2.1082240410065295e-05, 2828.2384295642514, 0.055251269765202324, 54164720.62621177, 114417.95270503765
600.0, 5.052631578947368, 20.639634781352562, 2.107831858693952e-05, 2847.661986096936, 0.05543014199487498, 54122696.37011216, 114232.02064327722
600.0, 5.131578947368421, 21.01177702042652, 2.107446067482553e-05, 2867.3689300544097, 0.055610609837329926, 54080424.664183, 114047.74161449829
600.0, 5.2105263157894735, 21.385940927789438, 2.107066749270303e-05, 2887.365548504941, 0.05579270458239599, 54037902.62407112, 113865.04906331975
600.0, 5.2894736842105265, 21.762157334458507, 2.10669398812819e-05, 2907.658381723361, 0.05597645846885229, 53995127.28511129, 113683.87910092801
600.0, 5.368421052631579, 22.14045779309408, 2.106327870371776e-05, 2928.2542318364294, 0.056161904723867104, 53952095.59943916, 113504.17033465205
600.0, 5.447368421052632, 22.520874602573592, 2.105968484635941e-05, 2949.1601716092177, 0.056349077604414065, 53908804.4330546, 113325.8637095593
600.0, 5.526315789473684, 22.90344083359484, 2.105615921953007e-05, 2970.3835533740203, 0.056538012440769406, 53865250.562834926, 113148.90236102635
600.0, 5.605263157894736, 23.288190355352143, 2.105270275834407e-05, 2991.93201810449, 0.05672874568220011, 53821430.67349836, 112973.23147734384
600.0, 5.684210526315789, 23.67515786333086, 2.104931642356123e-05, 3013.8135046390157, 0.05692131494495852, 53777341.354517184, 112798.79817150625
600.0, 5.7631578947368425, 24.064378908268434, 2.104600120248072e-05, 3036.0362590590794, 0.05711575906270621, 53732979.096980326, 112625.5513614187
600.0, 5.842105263157895, 24.455889926332404, 2.104275810987681e-05, 3058.6088442303844, 0.05731211813949665, 53688340.29040459, 112453.44165782591
600.0, 5.921052631578947, 24.84972827056902, 2.103958818897864e-05, 3081.5401495169763, 0.057510433605454825, 53643421.21949373, 112282.42125933332
600.0, 6.0, 25.245932243678702, 2.103649251249662e-05, 3104.839400681534, 0.057710748275299345, 53598218.06084389, 112112.44385394704
